{
  "project_info": {
    "project_number": "616896446459",
    "firebase_url": "https://p-exhibitionad-default-rtdb.firebaseio.com",
    "project_id": "p-exhibitionad",
    "storage_bucket": "p-exhibitionad.appspot.com"
  },
  "client": [
    {
      "client_info": {
        "mobilesdk_app_id": "1:616896446459:android:598212a49021b05fb4555e",
        "android_client_info": {
          "package_name": "com.example.cba_final"
        }
      },
      "oauth_client": [],
      "api_key": [
        {
          "current_key": "AIzaSyAraXxbo7ydhx0M9R35WhoZQLe0Cz58BJ4"
        }
      ],
      "services": {
        "appinvite_service": {
          "other_platform_oauth_client": []
        }
      }
    },
    {
      "client_info": {
        "mobilesdk_app_id": "1:616896446459:android:23275c2ab8a2f0a0b4555e",
        "android_client_info": {
          "package_name": "com.example.f_cba"
        }
      },
      "oauth_client": [],
      "api_key": [
        {
          "current_key": "AIzaSyAraXxbo7ydhx0M9R35WhoZQLe0Cz58BJ4"
        }
      ],
      "services": {
        "appinvite_service": {
          "other_platform_oauth_client": []
        }
      }
    }
  ],
  "configuration_version": "1"
}